{"stats":{"minecraft:mined":{"minecraft:grass":2,"minecraft:oak_leaves":1},"minecraft:used":{"minecraft:oak_sapling":1},"minecraft:picked_up":{"minecraft:oak_sapling":1},"minecraft:killed_by":{"minecraft:witch":2},"minecraft:custom":{"minecraft:jump":121,"minecraft:time_since_rest":17714,"minecraft:damage_dealt":208,"minecraft:damage_taken":510,"minecraft:leave_game":4,"minecraft:play_time":27712,"minecraft:time_since_death":17670,"minecraft:sprint_one_cm":9528,"minecraft:walk_one_cm":22049,"minecraft:walk_on_water_one_cm":3842,"minecraft:deaths":2,"minecraft:sneak_time":10,"minecraft:total_world_time":27712,"minecraft:climb_one_cm":3243,"minecraft:walk_under_water_one_cm":348,"minecraft:fall_one_cm":894,"minecraft:fly_one_cm":15699}},"DataVersion":3465}