{"stats":{"minecraft:mined":{"minecraft:grass":2,"minecraft:oak_leaves":1},"minecraft:used":{"minecraft:oak_sapling":1},"minecraft:picked_up":{"minecraft:oak_sapling":1},"minecraft:killed_by":{"minecraft:witch":2},"minecraft:custom":{"minecraft:jump":104,"minecraft:time_since_rest":2897,"minecraft:damage_dealt":208,"minecraft:damage_taken":510,"minecraft:leave_game":3,"minecraft:time_since_death":2853,"minecraft:play_time":12895,"minecraft:sprint_one_cm":8311,"minecraft:walk_one_cm":21006,"minecraft:walk_on_water_one_cm":3763,"minecraft:deaths":2,"minecraft:sneak_time":10,"minecraft:total_world_time":12895,"minecraft:climb_one_cm":2432,"minecraft:walk_under_water_one_cm":348,"minecraft:fall_one_cm":894,"minecraft:fly_one_cm":12947}},"DataVersion":3465}