{"stats":{"minecraft:picked_up":{"minecraft:stick":1,"minecraft:bone":1,"minecraft:bow":1},"minecraft:mined":{"minecraft:vine":2,"minecraft:oak_leaves":4},"minecraft:crafted":{"minecraft:bone_meal":3},"minecraft:killed":{"minecraft:skeleton":1},"minecraft:custom":{"minecraft:time_since_rest":7048,"minecraft:crouch_one_cm":1062,"minecraft:sprint_one_cm":2795,"minecraft:play_time":7048,"minecraft:damage_taken":210,"minecraft:walk_one_cm":17034,"minecraft:sneak_time":217,"minecraft:walk_under_water_one_cm":800,"minecraft:mob_kills":1,"minecraft:jump":138,"minecraft:damage_dealt":200,"minecraft:leave_game":2,"minecraft:walk_on_water_one_cm":4993,"minecraft:time_since_death":7048,"minecraft:climb_one_cm":3710,"minecraft:total_world_time":7048,"minecraft:swim_one_cm":3239,"minecraft:fall_one_cm":1753,"minecraft:fly_one_cm":5117}},"DataVersion":3465}